item_uid,exclude,exclusion_datasets,item,item_task (from item),item_uid (from item)
math_identify_2,,"pilot_mpieva_de_main,pilot_western_ca_main,pilot_uniandes_co_bogota,pilot_uniandes_co_rural",math_identify_2,math,math_identify_2
math_line_01_1,,"pilot_mpieva_de_main,pilot_western_ca_main,pilot_uniandes_co_bogota,pilot_uniandes_co_rural",math_line_01_1,math,math_line_01_1
math_line_1_10,,"pilot_mpieva_de_main,pilot_western_ca_main,pilot_uniandes_co_bogota,pilot_uniandes_co_rural",math_line_1_10,math,math_line_1_10
math_line_02_1,,"pilot_mpieva_de_main,pilot_western_ca_main,pilot_uniandes_co_bogota,pilot_uniandes_co_rural",math_line_02_1,math,math_line_02_1
math_line_2_10,,"pilot_mpieva_de_main,pilot_western_ca_main,pilot_uniandes_co_bogota,pilot_uniandes_co_rural",math_line_2_10,math,math_line_2_10
math_line_04_1,,"pilot_mpieva_de_main,pilot_western_ca_main,pilot_uniandes_co_bogota,pilot_uniandes_co_rural",math_line_04_1,math,math_line_04_1
math_line_4_10,,"pilot_mpieva_de_main,pilot_western_ca_main,pilot_uniandes_co_bogota,pilot_uniandes_co_rural",math_line_4_10,math,math_line_4_10
math_line_5_10,,"pilot_mpieva_de_main,pilot_western_ca_main,pilot_uniandes_co_bogota,pilot_uniandes_co_rural",math_line_5_10,math,math_line_5_10
math_line_5_1000,checked,"pilot_mpieva_de_main,pilot_western_ca_main,pilot_uniandes_co_bogota,pilot_uniandes_co_rural",math_line_5_1000,math,math_line_5_1000
math_line_5_1000,,"pilot_mpieva_de_main,pilot_western_ca_main,pilot_uniandes_co_bogota,pilot_uniandes_co_rural",math_line_5_1000,math,math_line_5_1000
math_line_06_1,checked,"pilot_mpieva_de_main,pilot_western_ca_main,pilot_uniandes_co_bogota,pilot_uniandes_co_rural",math_line_06_1,math,math_line_06_1
math_line_6_10,,"pilot_mpieva_de_main,pilot_western_ca_main,pilot_uniandes_co_bogota,pilot_uniandes_co_rural",math_line_6_10,math,math_line_6_10
math_line_6_10,,"pilot_mpieva_de_main,pilot_western_ca_main,pilot_uniandes_co_bogota,pilot_uniandes_co_rural",math_line_6_10,math,math_line_6_10
math_line_7_10,,"pilot_mpieva_de_main,pilot_western_ca_main,pilot_uniandes_co_bogota,pilot_uniandes_co_rural",math_line_7_10,math,math_line_7_10
math_line_7_100,,"pilot_mpieva_de_main,pilot_western_ca_main,pilot_uniandes_co_bogota,pilot_uniandes_co_rural",math_line_7_100,math,math_line_7_100
math_line_08_1,,"pilot_mpieva_de_main,pilot_western_ca_main,pilot_uniandes_co_bogota,pilot_uniandes_co_rural",math_line_08_1,math,math_line_08_1
math_line_8_10,,"pilot_mpieva_de_main,pilot_western_ca_main,pilot_uniandes_co_bogota,pilot_uniandes_co_rural",math_line_8_10,math,math_line_8_10
math_line_09_1,,"pilot_mpieva_de_main,pilot_western_ca_main,pilot_uniandes_co_bogota,pilot_uniandes_co_rural",math_line_09_1,math,math_line_09_1
math_line_9_10,,"pilot_mpieva_de_main,pilot_western_ca_main,pilot_uniandes_co_bogota,pilot_uniandes_co_rural",math_line_9_10,math,math_line_9_10
math_line_9_100,checked,"pilot_mpieva_de_main,pilot_western_ca_main,pilot_uniandes_co_bogota,pilot_uniandes_co_rural",math_line_9_100,math,math_line_9_100
math_line_012_1,,"pilot_mpieva_de_main,pilot_western_ca_main,pilot_uniandes_co_bogota,pilot_uniandes_co_rural",math_line_012_1,math,math_line_012_1
math_line_14_100,,"pilot_mpieva_de_main,pilot_western_ca_main,pilot_uniandes_co_bogota,pilot_uniandes_co_rural",math_line_14_100,math,math_line_14_100
math_line_18_100,,"pilot_mpieva_de_main,pilot_western_ca_main,pilot_uniandes_co_bogota,pilot_uniandes_co_rural",math_line_18_100,math,math_line_18_100
math_line_21_100,,"pilot_mpieva_de_main,pilot_western_ca_main,pilot_uniandes_co_bogota,pilot_uniandes_co_rural",math_line_21_100,math,math_line_21_100
math_line_25_100,,"pilot_mpieva_de_main,pilot_western_ca_main,pilot_uniandes_co_bogota,pilot_uniandes_co_rural",math_line_25_100,math,math_line_25_100
math_line_027_1,,"pilot_mpieva_de_main,pilot_western_ca_main,pilot_uniandes_co_bogota,pilot_uniandes_co_rural",math_line_027_1,math,math_line_027_1
math_line_30_100,,"pilot_mpieva_de_main,pilot_western_ca_main,pilot_uniandes_co_bogota,pilot_uniandes_co_rural",math_line_30_100,math,math_line_30_100
math_line_33_100,,"pilot_mpieva_de_main,pilot_western_ca_main,pilot_uniandes_co_bogota,pilot_uniandes_co_rural",math_line_33_100,math,math_line_33_100
math_line_034_1,,"pilot_mpieva_de_main,pilot_western_ca_main,pilot_uniandes_co_bogota,pilot_uniandes_co_rural",math_line_034_1,math,math_line_034_1
math_line_37_100,,"pilot_mpieva_de_main,pilot_western_ca_main,pilot_uniandes_co_bogota,pilot_uniandes_co_rural",math_line_37_100,math,math_line_37_100
math_line_41_1000,,"pilot_mpieva_de_main,pilot_western_ca_main,pilot_uniandes_co_bogota,pilot_uniandes_co_rural",math_line_41_1000,math,math_line_41_1000
math_line_42_100,,"pilot_mpieva_de_main,pilot_western_ca_main,pilot_uniandes_co_bogota,pilot_uniandes_co_rural",math_line_42_100,math,math_line_42_100
math_line_045_1,,"pilot_mpieva_de_main,pilot_western_ca_main,pilot_uniandes_co_bogota,pilot_uniandes_co_rural",math_line_045_1,math,math_line_045_1
math_line_46_100,,"pilot_mpieva_de_main,pilot_western_ca_main,pilot_uniandes_co_bogota,pilot_uniandes_co_rural",math_line_46_100,math,math_line_46_100
math_line_50_100,,"pilot_mpieva_de_main,pilot_western_ca_main,pilot_uniandes_co_bogota,pilot_uniandes_co_rural",math_line_50_100,math,math_line_50_100
math_line_056_1,,"pilot_mpieva_de_main,pilot_western_ca_main,pilot_uniandes_co_bogota,pilot_uniandes_co_rural",math_line_056_1,math,math_line_056_1
math_line_59_100,,"pilot_mpieva_de_main,pilot_western_ca_main,pilot_uniandes_co_bogota,pilot_uniandes_co_rural",math_line_59_100,math,math_line_59_100
math_line_62_100,,"pilot_mpieva_de_main,pilot_western_ca_main,pilot_uniandes_co_bogota,pilot_uniandes_co_rural",math_line_62_100,math,math_line_62_100
math_line_67_100,,"pilot_mpieva_de_main,pilot_western_ca_main,pilot_uniandes_co_bogota,pilot_uniandes_co_rural",math_line_67_100,math,math_line_67_100
math_line_071_1,,"pilot_mpieva_de_main,pilot_western_ca_main,pilot_uniandes_co_bogota,pilot_uniandes_co_rural",math_line_071_1,math,math_line_071_1
math_line_71_100,,"pilot_mpieva_de_main,pilot_western_ca_main,pilot_uniandes_co_bogota,pilot_uniandes_co_rural",math_line_71_100,math,math_line_71_100
math_line_075_1,,"pilot_mpieva_de_main,pilot_western_ca_main,pilot_uniandes_co_bogota,pilot_uniandes_co_rural",math_line_075_1,math,math_line_075_1
math_line_76_1000,,"pilot_mpieva_de_main,pilot_western_ca_main,pilot_uniandes_co_bogota,pilot_uniandes_co_rural",math_line_76_1000,math,math_line_76_1000
math_line_79_100,,"pilot_mpieva_de_main,pilot_western_ca_main,pilot_uniandes_co_bogota,pilot_uniandes_co_rural",math_line_79_100,math,math_line_79_100
math_line_83_100,,"pilot_mpieva_de_main,pilot_western_ca_main,pilot_uniandes_co_bogota,pilot_uniandes_co_rural",math_line_83_100,math,math_line_83_100
math_line_087_1,,"pilot_mpieva_de_main,pilot_western_ca_main,pilot_uniandes_co_bogota,pilot_uniandes_co_rural",math_line_087_1,math,math_line_087_1
math_line_87_100,,"pilot_mpieva_de_main,pilot_western_ca_main,pilot_uniandes_co_bogota,pilot_uniandes_co_rural",math_line_87_100,math,math_line_87_100
math_line_92_100,,"pilot_mpieva_de_main,pilot_western_ca_main,pilot_uniandes_co_bogota,pilot_uniandes_co_rural",math_line_92_100,math,math_line_92_100
math_line_95_100,,"pilot_mpieva_de_main,pilot_western_ca_main,pilot_uniandes_co_bogota,pilot_uniandes_co_rural",math_line_95_100,math,math_line_95_100
math_line_98_100,,"pilot_mpieva_de_main,pilot_western_ca_main,pilot_uniandes_co_bogota,pilot_uniandes_co_rural",math_line_98_100,math,math_line_98_100
math_line_126_1000,,"pilot_mpieva_de_main,pilot_western_ca_main,pilot_uniandes_co_bogota,pilot_uniandes_co_rural",math_line_126_1000,math,math_line_126_1000
math_line_143_1000,,"pilot_mpieva_de_main,pilot_western_ca_main,pilot_uniandes_co_bogota,pilot_uniandes_co_rural",math_line_143_1000,math,math_line_143_1000
math_line_186_1000,,"pilot_mpieva_de_main,pilot_western_ca_main,pilot_uniandes_co_bogota,pilot_uniandes_co_rural",math_line_186_1000,math,math_line_186_1000
math_line_214_1000,,"pilot_mpieva_de_main,pilot_western_ca_main,pilot_uniandes_co_bogota,pilot_uniandes_co_rural",math_line_214_1000,math,math_line_214_1000
math_line_258_1000,,"pilot_mpieva_de_main,pilot_western_ca_main,pilot_uniandes_co_bogota,pilot_uniandes_co_rural",math_line_258_1000,math,math_line_258_1000
math_line_272_1000,,"pilot_mpieva_de_main,pilot_western_ca_main,pilot_uniandes_co_bogota,pilot_uniandes_co_rural",math_line_272_1000,math,math_line_272_1000
math_line_310_1000,,"pilot_mpieva_de_main,pilot_western_ca_main,pilot_uniandes_co_bogota,pilot_uniandes_co_rural",math_line_310_1000,math,math_line_310_1000
math_line_362_1000,,"pilot_mpieva_de_main,pilot_western_ca_main,pilot_uniandes_co_bogota,pilot_uniandes_co_rural",math_line_362_1000,math,math_line_362_1000
math_line_385_1000,,"pilot_mpieva_de_main,pilot_western_ca_main,pilot_uniandes_co_bogota,pilot_uniandes_co_rural",math_line_385_1000,math,math_line_385_1000
math_line_417_1000,,"pilot_mpieva_de_main,pilot_western_ca_main,pilot_uniandes_co_bogota,pilot_uniandes_co_rural",math_line_417_1000,math,math_line_417_1000
math_line_461_1000,,"pilot_mpieva_de_main,pilot_western_ca_main,pilot_uniandes_co_bogota,pilot_uniandes_co_rural",math_line_461_1000,math,math_line_461_1000
math_line_478_1000,,"pilot_mpieva_de_main,pilot_western_ca_main,pilot_uniandes_co_bogota,pilot_uniandes_co_rural",math_line_478_1000,math,math_line_478_1000
math_line_507_1000,,"pilot_mpieva_de_main,pilot_western_ca_main,pilot_uniandes_co_bogota,pilot_uniandes_co_rural",math_line_507_1000,math,math_line_507_1000
math_line_542_1000,,"pilot_mpieva_de_main,pilot_western_ca_main,pilot_uniandes_co_bogota,pilot_uniandes_co_rural",math_line_542_1000,math,math_line_542_1000
math_line_591_1000,,"pilot_mpieva_de_main,pilot_western_ca_main,pilot_uniandes_co_bogota,pilot_uniandes_co_rural",math_line_591_1000,math,math_line_591_1000
math_line_639_1000,,"pilot_mpieva_de_main,pilot_western_ca_main,pilot_uniandes_co_bogota,pilot_uniandes_co_rural",math_line_639_1000,math,math_line_639_1000
math_line_644_1000,,"pilot_mpieva_de_main,pilot_western_ca_main,pilot_uniandes_co_bogota,pilot_uniandes_co_rural",math_line_644_1000,math,math_line_644_1000
math_line_676_1000,,"pilot_mpieva_de_main,pilot_western_ca_main,pilot_uniandes_co_bogota,pilot_uniandes_co_rural",math_line_676_1000,math,math_line_676_1000
math_line_711_1000,,"pilot_mpieva_de_main,pilot_western_ca_main,pilot_uniandes_co_bogota,pilot_uniandes_co_rural",math_line_711_1000,math,math_line_711_1000
math_line_738_1000,,"pilot_mpieva_de_main,pilot_western_ca_main,pilot_uniandes_co_bogota,pilot_uniandes_co_rural",math_line_738_1000,math,math_line_738_1000
math_line_782_1000,,"pilot_mpieva_de_main,pilot_western_ca_main,pilot_uniandes_co_bogota,pilot_uniandes_co_rural",math_line_782_1000,math,math_line_782_1000
math_line_831_1000,,"pilot_mpieva_de_main,pilot_western_ca_main,pilot_uniandes_co_bogota,pilot_uniandes_co_rural",math_line_831_1000,math,math_line_831_1000
math_line_856_1000,,"pilot_mpieva_de_main,pilot_western_ca_main,pilot_uniandes_co_bogota,pilot_uniandes_co_rural",math_line_856_1000,math,math_line_856_1000
math_line_874_1000,,"pilot_mpieva_de_main,pilot_western_ca_main,pilot_uniandes_co_bogota,pilot_uniandes_co_rural",math_line_874_1000,math,math_line_874_1000
math_line_926_1000,,"pilot_mpieva_de_main,pilot_western_ca_main,pilot_uniandes_co_bogota,pilot_uniandes_co_rural",math_line_926_1000,math,math_line_926_1000
math_line_941_1000,,"pilot_mpieva_de_main,pilot_western_ca_main,pilot_uniandes_co_bogota,pilot_uniandes_co_rural",math_line_941_1000,math,math_line_941_1000
math_line_984_1000,,"pilot_mpieva_de_main,pilot_western_ca_main,pilot_uniandes_co_bogota,pilot_uniandes_co_rural",math_line_984_1000,math,math_line_984_1000
math_slider_6_10,,"pilot_mpieva_de_main,pilot_western_ca_main,pilot_uniandes_co_bogota,pilot_uniandes_co_rural",math_slider_6_10,math,math_slider_6_10
matrix_set1_md_mat14,checked,"pilot_mpieva_de_main,pilot_western_ca_main,pilot_uniandes_co_bogota,pilot_uniandes_co_rural",matrix_set1_md_mat14,matrix,matrix_set1_md_mat14
sds_3unique_choice1,checked,pilot_uniandes_co_bogota,sds_3unique_choice1,sds,sds_3unique_choice1
sds_3unique_choice2,checked,pilot_uniandes_co_bogota,sds_3unique_choice2,sds,sds_3unique_choice2
swr_coincidencialmente,checked,"pilot_uniandes_co_bogota,pilot_uniandes_co_rural",swr_coincidencialmente,swr,swr_coincidencialmente
swr_desarroyar,checked,"pilot_uniandes_co_bogota,pilot_uniandes_co_rural",swr_desarroyar,swr,swr_desarroyar
tom_deception_emotion_reasoning_2,checked,"pilot_mpieva_de_main,pilot_western_ca_main,pilot_uniandes_co_bogota,pilot_uniandes_co_rural",tom_deception_emotion_reasoning_2,tom,tom_deception_emotion_reasoning_2
tom_deception_false_belief_1,checked,"pilot_mpieva_de_main,pilot_western_ca_main,pilot_uniandes_co_bogota,pilot_uniandes_co_rural",tom_deception_false_belief_1,tom,tom_deception_false_belief_1
tom_deception_reality_check_2,checked,"pilot_mpieva_de_main,pilot_western_ca_main,pilot_uniandes_co_bogota,pilot_uniandes_co_rural",tom_deception_reality_check_2,tom,tom_deception_reality_check_2
tom_deception_reality_check_2,checked,"pilot_mpieva_de_main,pilot_western_ca_main,pilot_uniandes_co_bogota,pilot_uniandes_co_rural",tom_deception_reality_check_2,tom,tom_deception_reality_check_2
tom_deception_reality_check_2,checked,"pilot_mpieva_de_main,pilot_western_ca_main,pilot_uniandes_co_bogota,pilot_uniandes_co_rural",tom_deception_reality_check_2,tom,tom_deception_reality_check_2
tom_deception_reality_check_3,checked,"pilot_mpieva_de_main,pilot_western_ca_main,pilot_uniandes_co_bogota,pilot_uniandes_co_rural",tom_deception_reality_check_3,tom,tom_deception_reality_check_3
tom_deception_reality_check_3,checked,"pilot_mpieva_de_main,pilot_western_ca_main,pilot_uniandes_co_bogota,pilot_uniandes_co_rural",tom_deception_reality_check_3,tom,tom_deception_reality_check_3
tom_deception_reality_check_3,checked,"pilot_mpieva_de_main,pilot_western_ca_main,pilot_uniandes_co_bogota,pilot_uniandes_co_rural",tom_deception_reality_check_3,tom,tom_deception_reality_check_3
tom_moral_reasoning_reality_check_1,checked,"pilot_mpieva_de_main,pilot_western_ca_main,pilot_uniandes_co_bogota,pilot_uniandes_co_rural",tom_moral_reasoning_reality_check_1,tom,tom_moral_reasoning_reality_check_1
tom_reality_known_false_belief,checked,"pilot_mpieva_de_main,pilot_western_ca_main,pilot_uniandes_co_bogota,pilot_uniandes_co_rural",tom_reality_known_false_belief,tom,tom_reality_known_false_belief
tom_reference_reference,checked,"pilot_mpieva_de_main,pilot_western_ca_main,pilot_uniandes_co_bogota,pilot_uniandes_co_rural",tom_reference_reference,tom,tom_reference_reference
tom_reference_reference,checked,"pilot_mpieva_de_main,pilot_western_ca_main,pilot_uniandes_co_bogota,pilot_uniandes_co_rural",tom_reference_reference,tom,tom_reference_reference
tom_reference_reference,checked,"pilot_mpieva_de_main,pilot_western_ca_main,pilot_uniandes_co_bogota,pilot_uniandes_co_rural",tom_reference_reference,tom,tom_reference_reference
tom_reference_reference,checked,"pilot_mpieva_de_main,pilot_western_ca_main,pilot_uniandes_co_bogota,pilot_uniandes_co_rural",tom_reference_reference,tom,tom_reference_reference
tom_reference_reference,checked,"pilot_mpieva_de_main,pilot_western_ca_main,pilot_uniandes_co_bogota,pilot_uniandes_co_rural",tom_reference_reference,tom,tom_reference_reference
tom_reference_reference,checked,"pilot_mpieva_de_main,pilot_western_ca_main,pilot_uniandes_co_bogota,pilot_uniandes_co_rural",tom_reference_reference,tom,tom_reference_reference
tom_reference_reference,checked,"pilot_mpieva_de_main,pilot_western_ca_main,pilot_uniandes_co_bogota,pilot_uniandes_co_rural",tom_reference_reference,tom,tom_reference_reference
tom_reference_reference,checked,"pilot_mpieva_de_main,pilot_western_ca_main,pilot_uniandes_co_bogota,pilot_uniandes_co_rural",tom_reference_reference,tom,tom_reference_reference
tom_second_order_false_belief_2,checked,"pilot_mpieva_de_main,pilot_western_ca_main,pilot_uniandes_co_bogota,pilot_uniandes_co_rural",tom_second_order_false_belief_2,tom,tom_second_order_false_belief_2
tom_second_order_false_belief_3,checked,"pilot_mpieva_de_main,pilot_western_ca_main,pilot_uniandes_co_bogota,pilot_uniandes_co_rural",tom_second_order_false_belief_3,tom,tom_second_order_false_belief_3
tom_second_order_false_belief_4,checked,"pilot_mpieva_de_main,pilot_western_ca_main,pilot_uniandes_co_bogota,pilot_uniandes_co_rural",tom_second_order_false_belief_4,tom,tom_second_order_false_belief_4
tom_second_order_false_belief_5,checked,"pilot_mpieva_de_main,pilot_western_ca_main,pilot_uniandes_co_bogota,pilot_uniandes_co_rural",tom_second_order_false_belief_5,tom,tom_second_order_false_belief_5
tom_second_order_reality_check,checked,"pilot_mpieva_de_main,pilot_western_ca_main,pilot_uniandes_co_bogota,pilot_uniandes_co_rural",tom_second_order_reality_check,tom,tom_second_order_reality_check
trog_conjcoord_say_sunny_however_rain,checked,"pilot_mpieva_de_main,pilot_western_ca_main,pilot_uniandes_co_bogota,pilot_uniandes_co_rural",trog_conjcoord_say_sunny_however_rain,trog,trog_conjcoord_say_sunny_however_rain
trog_embedding_book_pencil_on_red,checked,pilot_uniandes_co_rural,trog_embedding_book_pencil_on_red,trog,trog_embedding_book_pencil_on_red
trog_embedding_cat_cow_chase_black,checked,"pilot_mpieva_de_main,pilot_uniandes_co_bogota,pilot_uniandes_co_rural,pilot_western_ca_main",trog_embedding_cat_cow_chase_black,trog,trog_embedding_cat_cow_chase_black
trog_preploc_fish_swim_beneath_whale,checked,"pilot_uniandes_co_bogota,pilot_uniandes_co_rural",trog_preploc_fish_swim_beneath_whale,trog,trog_preploc_fish_swim_beneath_whale
vocab_word_claw,checked,"pilot_mpieva_de_main,pilot_western_ca_main,pilot_uniandes_co_bogota,pilot_uniandes_co_rural",vocab_word_claw,vocab,vocab_word_claw
vocab_word_degression,checked,"pilot_mpieva_de_main,pilot_uniandes_co_bogota,pilot_uniandes_co_rural,pilot_western_ca_main",vocab_word_degression,vocab,vocab_word_degression
vocab_word_divan,checked,"pilot_mpieva_de_main,pilot_western_ca_main,pilot_uniandes_co_bogota,pilot_uniandes_co_rural",vocab_word_divan,vocab,vocab_word_divan
vocab_word_mischievous,checked,"pilot_mpieva_de_main,pilot_uniandes_co_bogota,pilot_uniandes_co_rural,pilot_western_ca_main",vocab_word_mischievous,vocab,vocab_word_mischievous
vocab_word_squash,checked,"pilot_mpieva_de_main,pilot_western_ca_main,pilot_uniandes_co_bogota,pilot_uniandes_co_rural",vocab_word_squash,vocab,vocab_word_squash
vocab_word_stretcher,checked,"pilot_uniandes_co_bogota,pilot_uniandes_co_rural",vocab_word_stretcher,vocab,vocab_word_stretcher
vocab_word_suede,checked,"pilot_uniandes_co_bogota,pilot_uniandes_co_rural",vocab_word_suede,vocab,vocab_word_suede
vocab_word_tourniquet,checked,"pilot_mpieva_de_main,pilot_western_ca_main,pilot_uniandes_co_bogota,pilot_uniandes_co_rural",vocab_word_tourniquet,vocab,vocab_word_tourniquet